{"cameraMode":{"drawMode":0,"name":"Shaded","section":"Shading Mode"},"sceneLighting":false,"audioPlay":false,"sceneViewState":{"m_AlwaysRefresh":false,"showFog":true,"showSkybox":true,"showFlares":true,"showImageEffects":true,"showParticleSystems":true,"showVisualEffectGraphs":true,"m_FxEnabled":true},"in2DMode":false,"pivot":{"x":13.764693260192871,"y":8.180562973022461,"z":-23.305198669433595},"rotation":{"x":0.13866102695465089,"y":-0.36885112524032595,"z":0.0557439923286438,"w":0.9174623489379883},"size":0.9457213878631592,"orthographic":false}