{"cameraMode":{"drawMode":0,"name":"Shaded","section":"Shading Mode"},"sceneLighting":false,"audioPlay":false,"sceneViewState":{"m_AlwaysRefresh":false,"showFog":true,"showSkybox":false,"showFlares":true,"showImageEffects":true,"showParticleSystems":true,"showVisualEffectGraphs":true,"m_FxEnabled":true},"in2DMode":false,"pivot":{"x":-2.989969253540039,"y":1.1396081447601319,"z":-0.028595292940735818},"rotation":{"x":0.41842591762542727,"y":-0.16449189186096192,"z":0.07731501013040543,"w":0.8899366855621338},"size":0.18128056824207307,"orthographic":false}