{"cameraMode":{"drawMode":0,"name":"Shaded","section":"Shading Mode"},"sceneLighting":false,"audioPlay":false,"sceneViewState":{"m_AlwaysRefresh":false,"showFog":true,"showSkybox":false,"showFlares":true,"showImageEffects":true,"showParticleSystems":true,"showVisualEffectGraphs":true,"m_FxEnabled":true},"in2DMode":false,"pivot":{"x":0.20392179489135743,"y":0.19199885427951814,"z":1.6288304328918458},"rotation":{"x":0.004495405592024326,"y":-0.4683944582939148,"z":-0.0024119343142956497,"w":-0.8835457563400269},"size":1.414713740348816,"orthographic":false}