{"cameraMode":{"drawMode":0,"name":"Shaded","section":"Shading Mode"},"sceneLighting":false,"audioPlay":false,"sceneViewState":{"m_AlwaysRefresh":false,"showFog":true,"showSkybox":false,"showFlares":true,"showImageEffects":true,"showParticleSystems":true,"showVisualEffectGraphs":true,"m_FxEnabled":true},"in2DMode":false,"pivot":{"x":0.059999942779541019,"y":4.769999980926514,"z":-17.799999237060548},"rotation":{"x":-0.16065113246440888,"y":0.02853412739932537,"z":-0.004917028360068798,"w":-0.9867485165596008},"size":5.595757484436035,"orthographic":false}