{"cameraMode":{"drawMode":0,"name":"Shaded","section":"Shading Mode"},"sceneLighting":true,"audioPlay":false,"sceneViewState":{"m_AlwaysRefresh":false,"showFog":true,"showSkybox":false,"showFlares":true,"showImageEffects":true,"showParticleSystems":true,"showVisualEffectGraphs":true,"m_FxEnabled":true},"in2DMode":false,"pivot":{"x":-2.4437525272369386,"y":2.3348634243011476,"z":-3.1855227947235109},"rotation":{"x":-0.028668897226452829,"y":-0.7895129323005676,"z":0.03698291257023811,"w":-0.611976683139801},"size":1.8302381038665772,"orthographic":false}