{"cameraMode":{"drawMode":0,"name":"Shaded","section":"Shading Mode"},"sceneLighting":false,"audioPlay":false,"sceneViewState":{"m_AlwaysRefresh":false,"showFog":true,"showSkybox":false,"showFlares":true,"showImageEffects":true,"showParticleSystems":true,"showVisualEffectGraphs":true,"m_FxEnabled":true},"in2DMode":false,"pivot":{"x":12.377487182617188,"y":3.8879177570343019,"z":-12.952780723571778},"rotation":{"x":-0.030948927626013757,"y":0.9110609292984009,"z":0.07054699957370758,"w":0.405417263507843},"size":10.920249938964844,"orthographic":false}